"100% Live Demo Is Back! 26ai—Zero Slides, Zero PowerPoint, Zero Marketing [LRN3160] banner",https://reg.rf.oracle.com/flow/oracle/ocw25/catalog/page/catalog/session/1750257860633001DI6M
"5 Success Stories: Solving Challenges with OCI Compute and AI Infrastructure [THR3491] banner",https://reg.rf.oracle.com/flow/oracle/ocw25/catalog/page/catalog/session/1751320159652001ISIt
"7 Highly Effective Habits of the AI DBA [THR2978] banner",https://reg.rf.oracle.com/flow/oracle/ocw25/catalog/page/catalog/session/1748793779363001IT2R
"Accelerate Development and Modernize Oracle Apps with AI-Powered Code Assist [PAN1748] banner",https://reg.rf.oracle.com/flow/oracle/ocw25/catalog/page/catalog/session/1747847459206001cn7H
"Accelerate Digital Transformation in Financial Services with Oracle AI [SOL4073] banner",https://reg.rf.oracle.com/flow/oracle/ocw25/catalog/page/catalog/session/1757949373938001TRr9
"Accelerate Innovation: Agentic QA Strategies for Cloud and On-Premises [LRN3901] banner",https://reg.rf.oracle.com/flow/oracle/ocw25/catalog/page/catalog/session/1755285803637001s0zO
"Accelerate Workbooks Insights with AI Assistant and Augmented Analytics [HOL3474] banner",https://reg.rf.oracle.com/flow/oracle/ocw25/catalog/page/catalog/session/1751317229528001Whfr
"Accelerate Your Cash Inflow with Embedded Agents [LRN3593] banner",https://reg.rf.oracle.com/flow/oracle/ocw25/catalog/page/catalog/session/1751492467652001Z7f6
"Accelerate Your Move to Fusion Applications with AI-Powered Automation [THR3791] banner",https://reg.rf.oracle.com/flow/oracle/ocw25/catalog/page/catalog/session/1754598287641001BQek
"Accelerating AI Agent Development with Oracle AI Data Platform [LRN3463] banner",https://reg.rf.oracle.com/flow/oracle/ocw25/catalog/page/catalog/session/1751315922088001s7BT
"Accelerating AI in Financial Services: Business-Integrated AI Agents [LRN2133] banner",https://reg.rf.oracle.com/flow/oracle/ocw25/catalog/page/catalog/session/1747980447781001VVPd
"Accelerating AI on Oracle Cloud: Red Hat OpenShift Virtualization with GPUs [SHO2570] banner",https://reg.rf.oracle.com/flow/oracle/ocw25/catalog/page/catalog/session/1748029823977001G56b
"Accelerating Digital Manufacturing: Insights from Leading Manufacturers [PAN3471] banner",https://reg.rf.oracle.com/flow/oracle/ocw25/catalog/page/catalog/session/1751316827884001upLz
"Accelerating Enterprise AI Journeys with Grok Code Fast-1 [THR4237] banner",https://reg.rf.oracle.com/flow/oracle/ocw25/catalog/page/catalog/session/1760104549115001nzuU
"Accelerating Government Efficiency: Cloud AI for Mission-Ready Innovations [LRN1085] banner",https://reg.rf.oracle.com/flow/oracle/ocw25/catalog/page/catalog/session/1745262186232001kNi8
"Achieving the AI-Ready Enterprise with OCI and Intel® Xeon® 6 Processors [LRN3925] banner",https://reg.rf.oracle.com/flow/oracle/ocw25/catalog/page/catalog/session/1755725679145001NkRm
"Acing Oracle Cloud EPM Transformation: CFO Strategies for AI-Driven Impact [PAN3906] banner",https://reg.rf.oracle.com/flow/oracle/ocw25/catalog/page/catalog/session/1755537301261001gOog
"Agent-Driven Project Management for Project-Centric Enterprises [LRN3611] banner",https://reg.rf.oracle.com/flow/oracle/ocw25/catalog/page/catalog/session/1751572220858001e8yQ
"Agent Framework in Oracle Database with Open Agent Specification Compatibility [LRN2783] banner",https://reg.rf.oracle.com/flow/oracle/ocw25/catalog/page/catalog/session/1748334536235001LLWw
"Agent Helidon: Shaking a High Performance MCP Server for AI in Java [LRN3002] banner",https://reg.rf.oracle.com/flow/oracle/ocw25/catalog/page/catalog/session/1748811580622001lIzF
"Agentic AI for the Oracle AI Database via our MCP Server (Offering 1) [HOL3087] banner",https://reg.rf.oracle.com/flow/oracle/ocw25/catalog/page/catalog/session/1749833032864001TWpV
"Agentic AI for the Oracle AI Database via Our MCP Server (Offering 2) [HOL3088] banner",https://reg.rf.oracle.com/flow/oracle/ocw25/catalog/page/catalog/session/1749833176147001iF8A
"Agentic AI for Vulnerability Management [LRN1662] banner",https://reg.rf.oracle.com/flow/oracle/ocw25/catalog/page/catalog/session/1747770497968001J3Ec
"Agentic AI with real ROI [PAN3916] banner",https://reg.rf.oracle.com/flow/oracle/ocw25/catalog/page/catalog/session/1755619167983001sQ3g
"Agentic New General Ledger Experience Driving Agility, Productivity, and Insight [LRN3592] banner",https://reg.rf.oracle.com/flow/oracle/ocw25/catalog/page/catalog/session/1751492416225001sZyr
"Agile Finance Transformation with Oracle Fusion Cloud Enterprise Data Management [PAN3589] banner",https://reg.rf.oracle.com/flow/oracle/ocw25/catalog/page/catalog/session/1751492222352001ZB8B
"AI Activation at Oracle [LRN3465] banner",https://reg.rf.oracle.com/flow/oracle/ocw25/catalog/page/catalog/session/1751316207243001QY62
"AI Agents for Fusion SCM: Overview of the AI Agent Studio and AI Agents for SCM [PAN3006] banner",https://reg.rf.oracle.com/flow/oracle/ocw25/catalog/page/catalog/session/1748888027589001ac1g
"AI Agent Studio Advanced Lab: Business Object Tools in Action [HOL3480] banner",https://reg.rf.oracle.com/flow/oracle/ocw25/catalog/page/catalog/session/1751318169341001ybcG
"AI Agent Studio: Building a Custom Agent with External REST APIs (Offering 1) [HOL3487] banner",https://reg.rf.oracle.com/flow/oracle/ocw25/catalog/page/catalog/session/1751319874077001Hfi1
"AI Agent Studio: Building a Custom Agent with External REST APIs (Offering 2) [HOL3489] banner",https://reg.rf.oracle.com/flow/oracle/ocw25/catalog/page/catalog/session/1751319993941001u1lZ
"AI Agent Studio Explorers Lab: Building Agents from Prebuilt Templates (Offer 1) [HOL3478] banner",https://reg.rf.oracle.com/flow/oracle/ocw25/catalog/page/catalog/session/1751317858688001xYL8
"AI Agent Studio Explorers Lab: Building Agents from Prebuilt Templates (Offer 2) [HOL3479] banner",https://reg.rf.oracle.com/flow/oracle/ocw25/catalog/page/catalog/session/1751318068981001eyAr
"AI Agent Studio Intermediate Lab: Prompt Design and Best Practices (Offering 1) [HOL3483] banner",https://reg.rf.oracle.com/flow/oracle/ocw25/catalog/page/catalog/session/1751318616642001LdK9
"AI Analytics Assistants Empower Business Leaders with Cross-Functional Insights [THR3448] banner",https://reg.rf.oracle.com/flow/oracle/ocw25/catalog/page/catalog/session/1751312250437001wemZ
"AI and Developer Hot Topics—The Week in Review [THR1746] banner",https://reg.rf.oracle.com/flow/oracle/ocw25/catalog/page/catalog/session/1747847222868001VBTc
"AI and Oracle HCM Cloud: Transforming HR and People Operations at Uber [THR4071] banner",https://reg.rf.oracle.com/flow/oracle/ocw25/catalog/page/catalog/session/1757731501814001slXk
"AI and Security: The Present and Future of the Java Platform [LRN3057] banner",https://reg.rf.oracle.com/flow/oracle/ocw25/catalog/page/catalog/session/1749238380442001prrm
"AI at Scale: Customer Perspectives on the Latest Solutions from OCI and AMD [PAN3830] banner",https://reg.rf.oracle.com/flow/oracle/ocw25/catalog/page/catalog/session/1754947016393001zXrF
"AI-Driven Data Intelligence for Finance and Supply Chain [THR3449] banner",https://reg.rf.oracle.com/flow/oracle/ocw25/catalog/page/catalog/session/1751312416260001Nbdm
"AI-Driven Profitability: Unlocking Hidden Value in Financial Services [LRN2871] banner",https://reg.rf.oracle.com/flow/oracle/ocw25/catalog/page/catalog/session/1748629352911001PFqa
"AI for CIOs: Balancing Innovation, Risk and Stability [THR3840] banner",https://reg.rf.oracle.com/flow/oracle/ocw25/catalog/page/catalog/session/1754958649037001SJBF
"AI for Every Analyst: Empowering Business Users with Oracle Analytics [LRN2906] banner",https://reg.rf.oracle.com/flow/oracle/ocw25/catalog/page/catalog/session/1748639565026001jAG1
"AI & Future-Ready Without Future Risk: Smart Oracle Cloud Architecture Decisions [PAN3978] banner",https://reg.rf.oracle.com/flow/oracle/ocw25/catalog/page/catalog/session/1756416689550001zJHP
"AI/HPC Performance: Best Practices for Leveraging Managed Lustre on OCI [SHO3529] banner",https://reg.rf.oracle.com/flow/oracle/ocw25/catalog/page/catalog/session/1751325522838001CKRQ
"AI-Induced Threats: Understanding Risks and Building Intelligent Defenses [THR2656] banner",https://reg.rf.oracle.com/flow/oracle/ocw25/catalog/page/catalog/session/1748033818674001hcQC
"AI Kickstart: A Hands-On Guide to Enabling AI Features in Fusion Apps (Offer 1) [HOL3462] banner",https://reg.rf.oracle.com/flow/oracle/ocw25/catalog/page/catalog/session/1751315784501001HD10
"AI Kickstart: A Hands-On Guide to Enabling AI Features in Fusion Apps (Offer 2) [HOL3424] banner",https://reg.rf.oracle.com/flow/oracle/ocw25/catalog/page/catalog/session/1751304306945001Hhc8
"AI on Call: Revolutionizing Nurse Scheduling for Precision Medicine [THR2161] banner",https://reg.rf.oracle.com/flow/oracle/ocw25/catalog/page/catalog/session/1747996169740001AKS7
"AI-Powered App Dev: Building Smarter, Faster, and Scalable Apps [SHO3332] banner",https://reg.rf.oracle.com/flow/oracle/ocw25/catalog/page/catalog/session/1750944047933001kR6K
"AI-Powered Audit and Security Assurance for ERP [PAN1327] banner",https://reg.rf.oracle.com/flow/oracle/ocw25/catalog/page/catalog/session/1746558115105001ynHp
"AI-Powered Cash Application: Driving 82% Match Rate and Finance Excellence [THR3824] banner",https://reg.rf.oracle.com/flow/oracle/ocw25/catalog/page/catalog/session/1754940744244001knCd
"AI-Powered EPM: Customer Case Studies [PAN3585] banner",https://reg.rf.oracle.com/flow/oracle/ocw25/catalog/page/catalog/session/1751491935537001xtfQ
"AI-Powered Finance and Supply Chain Data Intelligence [HOL3460] banner",https://reg.rf.oracle.com/flow/oracle/ocw25/catalog/page/catalog/session/1751315701756001zwja
"AI-Powered, Platform-Led Transformation on Oracle Cloud [LRN3985] banner",https://reg.rf.oracle.com/flow/oracle/ocw25/catalog/page/catalog/session/1756474503991001vX4s
"AI Predictions with Medallion Architecture and LLMs on Oracle AI Data Platform [HOL3455] banner",https://reg.rf.oracle.com/flow/oracle/ocw25/catalog/page/catalog/session/1751314917800001e0Ps
"AI Readiness for Fusion Applications: From Strategy to Implementation Planning [PAN3979] banner",https://reg.rf.oracle.com/flow/oracle/ocw25/catalog/page/catalog/session/1756417869215001Faiz
"AI Trends for the Enterprise: Vibe Coding, Model Distillation, and More [LRN3045] banner",https://reg.rf.oracle.com/flow/oracle/ocw25/catalog/page/catalog/session/1749145994453001i2PZ
"AI Use Cases for Fusion Data Intelligence [BOF3447] banner",https://reg.rf.oracle.com/flow/oracle/ocw25/catalog/page/catalog/session/1751311972973001HBsQ
"AI Where Your Data Lives: On-Prem and Cloud@Customer [LRN3297] banner",https://reg.rf.oracle.com/flow/oracle/ocw25/catalog/page/catalog/session/1750878674906001hxrl
"AMD + OCI = Real Results Running AI Clusters for GPU Workloads in the Cloud [LRN1304] banner",https://reg.rf.oracle.com/flow/oracle/ocw25/catalog/page/catalog/session/1746473591632001YKBI
"Analytics Reimagined: The Future of Insight in the Age of AI [THR3472] banner",https://reg.rf.oracle.com/flow/oracle/ocw25/catalog/page/catalog/session/1751316925572001vDZh
"Analytics Without Limits: AI Driven Insights Across Experiences and Devices [LRN2908] banner",https://reg.rf.oracle.com/flow/oracle/ocw25/catalog/page/catalog/session/1748639849818001CAUr
"Announcing MySQL AI [LRN3226] banner",https://reg.rf.oracle.com/flow/oracle/ocw25/catalog/page/catalog/session/1750718128657001A50c
"Any Document, Any Language: Process Instantly with OCI Document Understanding [SHO3081] banner",https://reg.rf.oracle.com/flow/oracle/ocw25/catalog/page/catalog/session/1749741440082001r5aw
"A Peek Inside Zettascale OCI GPU Clusters [LRN1500] banner",https://reg.rf.oracle.com/flow/oracle/ocw25/catalog/page/catalog/session/1747419331032001sYLo
"APEX and GenAI-Accelerated AppDev on MySQL HeatWave with JavaScript and JSON  [BOF3223] banner",https://reg.rf.oracle.com/flow/oracle/ocw25/catalog/page/catalog/session/1750715965240001q1d2
"APEX for E-Business Suite 2025 Edition: AI and SSO [THR1300] banner",https://reg.rf.oracle.com/flow/oracle/ocw25/catalog/page/catalog/session/1746471179178001YTOM
"AppGenius.ai: GenAI Apps Made Easy with MySQL HeatWave Vectors and NL2SQL [LRN2970] banner",https://reg.rf.oracle.com/flow/oracle/ocw25/catalog/page/catalog/session/1748791597511001mVWS
"AT&T’s Strategic Transformation: Building Unified Oracle Cloud Finance Ecosystem [THR2709] banner",https://reg.rf.oracle.com/flow/oracle/ocw25/catalog/page/catalog/session/1748037754601001HFBQ
"Automate Business Faster with Oracle Integration Accelerators and AI Assistant [SHO2797] banner",https://reg.rf.oracle.com/flow/oracle/ocw25/catalog/page/catalog/session/1748365471241001W4jT
"Avoiding the AI Stall-Out: How to Unblock AI Momentum in CX [THR2831] banner",https://reg.rf.oracle.com/flow/oracle/ocw25/catalog/page/catalog/session/1748457915638001ZU63
"Bet on Oracle ERP: How Station Casinos Hit the Jackpot in Gaming and Hospitality [LRN3580] banner",https://reg.rf.oracle.com/flow/oracle/ocw25/catalog/page/catalog/session/1751491444038001d9sX
"Bold Outcomes: How Customers Succeed with Oracle AI and Cloud [SOL3181] banner",https://reg.rf.oracle.com/flow/oracle/ocw25/catalog/page/catalog/session/1750277233947001QLXi
"Boost Workflow Automation with Oracle Integration AI Assistant and OCI Services  [SHO2789] banner",https://reg.rf.oracle.com/flow/oracle/ocw25/catalog/page/catalog/session/1748347567274001TBEA
"Breakthrough in Real Time: The Next Evolution of OCI GoldenGate [LRN3157] banner",https://reg.rf.oracle.com/flow/oracle/ocw25/catalog/page/catalog/session/1750257012826001O8ia
"Build Agentic AI Applications with Oracle AI Database Private Agent Factory [SHO3215] banner",https://reg.rf.oracle.com/flow/oracle/ocw25/catalog/page/catalog/session/1750444347165001QXM8
"Build AI-Ready Data Assets with Oracle Analytics [LRN3469] banner",https://reg.rf.oracle.com/flow/oracle/ocw25/catalog/page/catalog/session/1751316670403001xGns
"Build an Agentic AI Application with MCP on Oracle AI [PI2055] banner",https://reg.rf.oracle.com/flow/oracle/ocw25/catalog/page/catalog/session/1747951121407001AO6p
"Build an AI Agent for GoldenGate Data Streams and JSON Duality Views [HOL2810] banner",https://reg.rf.oracle.com/flow/oracle/ocw25/catalog/page/catalog/session/1748411163676001oTmM
"Build, Configure, and Run AI Agents with Oracle’s AI Agent Development Kit [HOL3259] banner",https://reg.rf.oracle.com/flow/oracle/ocw25/catalog/page/catalog/session/1750825862288001svk6
"Build, Customize, and Operationalize: Agentic AI for the Enterprise [LRN3044] banner",https://reg.rf.oracle.com/flow/oracle/ocw25/catalog/page/catalog/session/1749145677081001YXmX
"Build GenAI Apps for Retail with Vector Search & RAG on Oracle AI Database 26ai [HOL3413] banner",https://reg.rf.oracle.com/flow/oracle/ocw25/catalog/page/catalog/session/1751298766204001znwK
"Building a Compliance-Focused Voice Agent with Oracle AI and LiveKit [SHO3263] banner",https://reg.rf.oracle.com/flow/oracle/ocw25/catalog/page/catalog/session/1750826787665001kYhz
"Building a Modern Data Platform: Honeywell’s Journey with Fivetran and Oracle [THR3863] banner",https://reg.rf.oracle.com/flow/oracle/ocw25/catalog/page/catalog/session/1755114461306001kDDW
"Building a Multicloud Future: IT’s Expanding Role in Business Transformation [LRN3125] banner",https://reg.rf.oracle.com/flow/oracle/ocw25/catalog/page/catalog/session/1750092234380001uKGI
"Building Intelligent APEX Apps with OCI Gen AI and Your Oracle Data [HOL2372] banner",https://reg.rf.oracle.com/flow/oracle/ocw25/catalog/page/catalog/session/1748018527351001ycJE
"Building Intelligent Apps Using Oracle APEX, Generative AI, and Agentic AI [LRN1354] banner",https://reg.rf.oracle.com/flow/oracle/ocw25/catalog/page/catalog/session/1746744874060001vfVm
"Building Resilient GPU Fabrics for Demanding AI/ML Workloads [LRN1415] banner",https://reg.rf.oracle.com/flow/oracle/ocw25/catalog/page/catalog/session/1747157321586001UEnP
"Building the World’s Fastest-Designed, Largest-Scale Data Centers [SHO3314] banner",https://reg.rf.oracle.com/flow/oracle/ocw25/catalog/page/catalog/session/1750892727858001kCOl
"Build Your Own AI Agent to Boost Productivity and Efficiency [HOL2309] banner",https://reg.rf.oracle.com/flow/oracle/ocw25/catalog/page/catalog/session/1748014957196001i3Ie
"Business Automation with Oracle Integration: SaaS Connectivity, RPA, Agentic AI [LRN2790] banner",https://reg.rf.oracle.com/flow/oracle/ocw25/catalog/page/catalog/session/1748348672501001HeDR
"Claro Colombia Boosts Technician Productivity with AI-Powered Digital Assistants [THR2377] banner",https://reg.rf.oracle.com/flow/oracle/ocw25/catalog/page/catalog/session/1748018835971001p0Bj
"Cloud Adventure for AI and Reporting in Enterprise Performance Management [PI3133] banner",https://reg.rf.oracle.com/flow/oracle/ocw25/catalog/page/catalog/session/1750099040636001zHGp
"Cloud Adventure for AI and Reporting in Enterprise Performance Management [PI3576] banner",https://reg.rf.oracle.com/flow/oracle/ocw25/catalog/page/catalog/session/1751486997461001vMgR
"Cloud Adventure for Configuring AI in Enterprise Performance Management [SHO3129] banner",https://reg.rf.oracle.com/flow/oracle/ocw25/catalog/page/catalog/session/1750098740853001Gaej
"Cloud Cyber Defense in an Evolving Threat Landscape [LRN2966] banner",https://reg.rf.oracle.com/flow/oracle/ocw25/catalog/page/catalog/session/1748790866213001f15I
"Cloud-Driven Value Creation: PE Insights on OCI and EBITDA [PAN3423] banner",https://reg.rf.oracle.com/flow/oracle/ocw25/catalog/page/catalog/session/1751304126542001jUUX
"Connect and Extend Oracle SaaS (ERP, HCM, CX) with Oracle Integration [PAN2794] banner",https://reg.rf.oracle.com/flow/oracle/ocw25/catalog/page/catalog/session/1748363448483001Fj3c
"Creating AI-Powered Services with Helidon AI, LangChain4J, and Oracle GenAI [SHO3001] banner",https://reg.rf.oracle.com/flow/oracle/ocw25/catalog/page/catalog/session/1748810451986001pxtg
"Customer Panel: Real-World Automation Wins with Oracle Integration [PAN1502] banner",https://reg.rf.oracle.com/flow/oracle/ocw25/catalog/page/catalog/session/1747420591361001nO4i
"Customize and Deploy Open-Source LLMs with Agentic Workflows on Oracle Cloud  [HOL3261] banner",https://reg.rf.oracle.com/flow/oracle/ocw25/catalog/page/catalog/session/1750826172256001s1ue
"CX at the Helm: Why the AI-First Enterprise Starts with Customer Experience [THR2829] banner",https://reg.rf.oracle.com/flow/oracle/ocw25/catalog/page/catalog/session/1748457703738001CmfZ
"Data Lakehouse Reimagined: Petabyte-Scale AI and Analytics with Zero ETL [LRN2939] banner",https://reg.rf.oracle.com/flow/oracle/ocw25/catalog/page/catalog/session/1748645702684001jcEU
"Data Modeling as a Foundation for Data and AI Success [THR3924] banner",https://reg.rf.oracle.com/flow/oracle/ocw25/catalog/page/catalog/session/1755724262319001BmLM
"Deliver AI-Driven Insights and Enterprise-Grade Governance in Oracle Analytics [LRN2907] banner",https://reg.rf.oracle.com/flow/oracle/ocw25/catalog/page/catalog/session/1748639691809001dv96
"Deploy Agentic AI Workflows in Oracle Integration with OCI Generative AI [SHO1830] banner",https://reg.rf.oracle.com/flow/oracle/ocw25/catalog/page/catalog/session/1747898066788001xkHi
"Deploy AI Agents with Multitool Capabilities Powered by OCI AI Agent Framework [HOL2366] banner",https://reg.rf.oracle.com/flow/oracle/ocw25/catalog/page/catalog/session/1748018382016001vQbs
"Designing and Deploying Generative AI Solutions with OCI [PRE1113] banner",https://reg.rf.oracle.com/flow/oracle/ocw25/catalog/page/catalog/session/1745337675243001AwgV
"Design Insightful Workbooks with Oracle Analytics [HOL3476] banner",https://reg.rf.oracle.com/flow/oracle/ocw25/catalog/page/catalog/session/1751317375995001MpQL
"Digital Transformation with MySQL Heatwave’s Multicloud Strategy [LRN2984] banner",https://reg.rf.oracle.com/flow/oracle/ocw25/catalog/page/catalog/session/1748795333687001Xfcb
"Discover How Oracle AI is Reshaping the Talent Lifecycle Experience [THR2888] banner",https://reg.rf.oracle.com/flow/oracle/ocw25/catalog/page/catalog/session/1748636600626001oLQc
"Discover New Features in Oracle AI Database 26ai [HOL3334] banner",https://reg.rf.oracle.com/flow/oracle/ocw25/catalog/page/catalog/session/1750945103018001dNdO
"Discover Oracle Facial Biometrics for User Verification and Identification [THR1574] banner",https://reg.rf.oracle.com/flow/oracle/ocw25/catalog/page/catalog/session/1747680605525001WIJe
"Drive Business Innovation with Oracle WebCenter AI Agents [LRN2787] banner",https://reg.rf.oracle.com/flow/oracle/ocw25/catalog/page/catalog/session/1748337112864001qZnm
"Driving Finance Innovation with TurningEdge: AI-Powered ERP Breakthroughs [LRN3809] banner",https://reg.rf.oracle.com/flow/oracle/ocw25/catalog/page/catalog/session/1754911850611001MMp5
"Driving Oracle Delivery: Faster Timelines and Lower Costs with AI [LRN3839] banner",https://reg.rf.oracle.com/flow/oracle/ocw25/catalog/page/catalog/session/1754958156759001B6NV
"Driving Real-Time AI Agents with Intel Xeon 6 and OCI [LRN3864] banner",https://reg.rf.oracle.com/flow/oracle/ocw25/catalog/page/catalog/session/1755114801779001FOWT
"Driving Smarter Decisions with Fusion Data Intelligence, Embedded ML and Gen AI [LRN2624] banner",https://reg.rf.oracle.com/flow/oracle/ocw25/catalog/page/catalog/session/1748032465663001s89D
"Efficiently Preparing Your Data for AI  [THR1135] banner",https://reg.rf.oracle.com/flow/oracle/ocw25/catalog/page/catalog/session/1745350793277001T2VN
"Elevate Client Data Value with Cutting-Edge Smart Data Products			 [LRN2691] banner",https://reg.rf.oracle.com/flow/oracle/ocw25/catalog/page/catalog/session/1748035944614001oV3P
"Elevate Your Emerging AI Solutions with Java [LRN3058] banner",https://reg.rf.oracle.com/flow/oracle/ocw25/catalog/page/catalog/session/1749238941209001hLCr
"Empowering AtkinsRéalis: A Strategic Journey with OCI, 23AI & Multicloud Agility [THR2354] banner",https://reg.rf.oracle.com/flow/oracle/ocw25/catalog/page/catalog/session/1748017662510001a21x
"Empower Your Data with Oracle Database@Google Cloud and Native AI Services [LRN3265] banner",https://reg.rf.oracle.com/flow/oracle/ocw25/catalog/page/catalog/session/1750867488225001M4Ah
"Empower Your Data with Oracle Database@Azure and Native AI Services [LRN3531] banner",https://reg.rf.oracle.com/flow/oracle/ocw25/catalog/page/catalog/session/1751326477287001jIXY
"Empower Your Data with Oracle Database@AWS and Native AI Services [LRN3532] banner",https://reg.rf.oracle.com/flow/oracle/ocw25/catalog/page/catalog/session/1751326983975001XmjR
"Enabling Portability across Agent Platforms with Open Agent Specification [LRN2784] banner",https://reg.rf.oracle.com/flow/oracle/ocw25/catalog/page/catalog/session/1748334900906001hew6
"Enhance Cash Management and Credit Operations on a Global Scale [LRN2881] banner",https://reg.rf.oracle.com/flow/oracle/ocw25/catalog/page/catalog/session/1748634781525001IzPO
"Enhance DevOps Practices with OCI Opensearch AI and MCP Agents [HOL3260] banner",https://reg.rf.oracle.com/flow/oracle/ocw25/catalog/page/catalog/session/1750826037131001Q6Gx
"Enhance Fusion Cybersecurity and Breach Detection with AI [PAN1328] banner",https://reg.rf.oracle.com/flow/oracle/ocw25/catalog/page/catalog/session/1746558287461001GvcM
"Enhancing Cloud-Native Solutions with OCI GenAI Agents and Select AI [THR2220] banner",https://reg.rf.oracle.com/flow/oracle/ocw25/catalog/page/catalog/session/1748007932243001QJk8
"Enhancing Employee Experience with AI-Powered Goal Setting [THR2088] banner",https://reg.rf.oracle.com/flow/oracle/ocw25/catalog/page/catalog/session/1747963013195001ASrx
"Ensuring Enterprise Resiliency with Robust Tech Ecosystems [PAN3898] banner",https://reg.rf.oracle.com/flow/oracle/ocw25/catalog/page/catalog/session/1755282417677001ZWGJ
"Enterprise Best Practices with Oracle Integration [LRN2792] banner",https://reg.rf.oracle.com/flow/oracle/ocw25/catalog/page/catalog/session/1748350033913001lFWU
"Enterprise LLMs and RAG with NVIDIA and Oracle [LRN2426] banner",https://reg.rf.oracle.com/flow/oracle/ocw25/catalog/page/catalog/session/1748022492959001cQdy
"Enterprise Manager 24ai: Modern Platform with Zero Downtime and GenAI Assistant [SHO2973] banner",https://reg.rf.oracle.com/flow/oracle/ocw25/catalog/page/catalog/session/1748792513054001cBnC
"ERP Security and Audit with AI [THR3691] banner",https://reg.rf.oracle.com/flow/oracle/ocw25/catalog/page/catalog/session/1753283189397001T79Y
"Exadata Architecture and Internals Deep Dive [LRN2928] banner",https://reg.rf.oracle.com/flow/oracle/ocw25/catalog/page/catalog/session/1748644899737001wuUf
"Exceptional Customer Engagement: How The Cleveland Orchestra Redefined Loyalty [LRN1332] banner",https://reg.rf.oracle.com/flow/oracle/ocw25/catalog/page/catalog/session/1746572657359001Nm44
"Fast Track to Innovation with Your Oracle Data and Microsoft Fabric [THR3891] banner",https://reg.rf.oracle.com/flow/oracle/ocw25/catalog/page/catalog/session/1755276612661001HmEZ
"F&MB’s Journey to Modern EPM: Optimizing Processes and Embracing AI [THR1318] banner",https://reg.rf.oracle.com/flow/oracle/ocw25/catalog/page/catalog/session/1746543739698001UETs
"Fragmented to Future-Ready: Plains’ Journey to a Unified, AI-Enabled Platform [THR4072] banner",https://reg.rf.oracle.com/flow/oracle/ocw25/catalog/page/catalog/session/1757949053328001rrSo
"From Automation to Autonomy: Oracle ERP Journey Reimagined with Agentic AI [THR3818] banner",https://reg.rf.oracle.com/flow/oracle/ocw25/catalog/page/catalog/session/1754937856411001wRg2
"From Cloud to Competitive Edge: Rethinking Oracle for AI Success [SPO3899] banner",https://reg.rf.oracle.com/flow/oracle/ocw25/catalog/page/catalog/session/1755282758879001ZBFZ
"From Concept to Reality: Fast-Track Your AI Agents with Trusted Enterprise Data [THR3960] banner",https://reg.rf.oracle.com/flow/oracle/ocw25/catalog/page/catalog/session/1756230664352001Rfqv
"From Conversation to Completion: Scaling Intelligent CX with Zoom and Oracle [PAN4070] banner",https://reg.rf.oracle.com/flow/oracle/ocw25/catalog/page/catalog/session/1757715845869001uF9z
"From Data to Decisions: Empowering Business Growth with Trinamix AI Solutions [THR3843] banner",https://reg.rf.oracle.com/flow/oracle/ocw25/catalog/page/catalog/session/1754981829276001xXd3
"From Disconnected Systems to Unified Oracle Data via Data Pipelines, AI, and SQL [LRN3829] banner",https://reg.rf.oracle.com/flow/oracle/ocw25/catalog/page/catalog/session/1754946950099001R01k
"From Failure to Fixes: AI Infrastructure Management Made Easy with OCI [LRN3344] banner",https://reg.rf.oracle.com/flow/oracle/ocw25/catalog/page/catalog/session/1750959540583001sRqc
"From First Steps to Sustainment to AI Agents: A Panel on Oracle Cloud Growth [PAN3805] banner",https://reg.rf.oracle.com/flow/oracle/ocw25/catalog/page/catalog/session/1754873700095001aKBs
"From Foundation to Outcome: Fine Tune Large Language Models for Business Success [LRN1223] banner",https://reg.rf.oracle.com/flow/oracle/ocw25/catalog/page/catalog/session/1746023708446001yPB9
"From Insight to Impact: OCI AI Services in Oracle Analytics [HOL3473] banner",https://reg.rf.oracle.com/flow/oracle/ocw25/catalog/page/catalog/session/1751317091298001JKB9
"From Legacy to Leadership: Reimagining the Future of Finance [PAN3865] banner",https://reg.rf.oracle.com/flow/oracle/ocw25/catalog/page/catalog/session/1755122137682001KhDh
"From Many ERPs to One Truth: Manufacturing Data Modernization with Oracle Cloud [THR3983] banner",https://reg.rf.oracle.com/flow/oracle/ocw25/catalog/page/catalog/session/1756445367260001GYn3
"From Oracle Legacy to AI-Ready: A Blueprint for No-Risk Database Modernization [LRN3811] banner",https://reg.rf.oracle.com/flow/oracle/ocw25/catalog/page/catalog/session/1754921447302001Xi7X
"From Plan to Reality: How Organizations Are Continually Innovating with AI [PAN3126] banner",https://reg.rf.oracle.com/flow/oracle/ocw25/catalog/page/catalog/session/1750092303096001m9Zf
"From Prompts to Fine-Tuning: Harnessing AI & LLMs for the Utility Sector [LRN1133] banner",https://reg.rf.oracle.com/flow/oracle/ocw25/catalog/page/catalog/session/1745350478062001utyg
"From Questions to Insights: Using AI with Oracle Analytics to Unlock Your Data [LRN2909] banner",https://reg.rf.oracle.com/flow/oracle/ocw25/catalog/page/catalog/session/1748639950392001bu7L
"From Setup to Insights: Using AI Across Oracle CX Apps  [SHO3075] banner",https://reg.rf.oracle.com/flow/oracle/ocw25/catalog/page/catalog/session/1749653071916001Rk0i
"From Strategy to Success: The AI-Powered Enterprise [SOL3993] banner",https://reg.rf.oracle.com/flow/oracle/ocw25/catalog/page/catalog/session/1756706152352001w7WA
"Full-Stack GPU and ML Workload Observability and Health Check with OCI Lens [LRN1766] banner",https://reg.rf.oracle.com/flow/oracle/ocw25/catalog/page/catalog/session/1747851595265001vGSs
"Fusion AI Agents Boost Efficiency for Healthcare Nonprofit [THR3803] banner",https://reg.rf.oracle.com/flow/oracle/ocw25/catalog/page/catalog/session/1754711500950001eW1x
"Fusion Applications Suite: Built for Your Business in the Age of AI [SHO3421] banner",https://reg.rf.oracle.com/flow/oracle/ocw25/catalog/page/catalog/session/1751303809959001d2Kd
"Fusion Data Intelligence Extensibility and AI Integration [LRN3446] banner",https://reg.rf.oracle.com/flow/oracle/ocw25/catalog/page/catalog/session/1751311526928001l0xZ
"GenAI/AI Agent Enablement: Client Success Stories from KPMG-Oracle Hackathon [THR3778] banner",https://reg.rf.oracle.com/flow/oracle/ocw25/catalog/page/catalog/session/1754519757780001IsKA
"Generalizing Oracle HCM: Building a Scalable Framework for M&As [SPO4025] banner",https://reg.rf.oracle.com/flow/oracle/ocw25/catalog/page/catalog/session/1757360991326001rGYn
"Generative AI in Business Applications: Insights and Strategies [BOF3082] banner",https://reg.rf.oracle.com/flow/oracle/ocw25/catalog/page/catalog/session/1749741675111001Y7Jz
"Get Started with AI Agents Using Select AI on Autonomous Database [HOL2802] banner",https://reg.rf.oracle.com/flow/oracle/ocw25/catalog/page/catalog/session/1748409783540001LFLc
"Getting Started with Agentic AI Using Oracle Integration [SHO2796] banner",https://reg.rf.oracle.com/flow/oracle/ocw25/catalog/page/catalog/session/1748364553237001THZ4
"Getting Started with AI in Government and Education [PAN3566] banner",https://reg.rf.oracle.com/flow/oracle/ocw25/catalog/page/catalog/session/1751463454656001L9K4
"Getting Started with Fusion Data Intelligence and AI Assistant [PI3467] banner",https://reg.rf.oracle.com/flow/oracle/ocw25/catalog/page/catalog/session/1751316284842001XVak
"Getting Started with Oracle AI Vector Search (Offering 2) [HOL3731] banner",https://reg.rf.oracle.com/flow/oracle/ocw25/catalog/page/catalog/session/1753810682507001wVFj
"Getting Started with Oracle AI Vector Search [HOL2804] banner",https://reg.rf.oracle.com/flow/oracle/ocw25/catalog/page/catalog/session/1748410043952001M1Tz
"GoldenGate Everywhere: Real-Time Multicloud Streaming with Azure and Google [SHO3050] banner",https://reg.rf.oracle.com/flow/oracle/ocw25/catalog/page/catalog/session/1749152230768001hOiX
"Growing Profitable Asset-Based Services Business in High Tech and Manufacturing [PAN3468] banner",https://reg.rf.oracle.com/flow/oracle/ocw25/catalog/page/catalog/session/1751316539573001IhCR
"HCM Analytics in Action: A Hands-On Lab for AI-Driven People Intelligence [HOL3457] banner",https://reg.rf.oracle.com/flow/oracle/ocw25/catalog/page/catalog/session/1751315305627001dxiE
"How a Large Healthcare Provider Processes Over 2B Medical Records with Oracle AI [LRN3262] banner",https://reg.rf.oracle.com/flow/oracle/ocw25/catalog/page/catalog/session/1750826327922001MKIP
"How Customers Are Bringing AI to Their Mission-Critical Data [PAN3308] banner",https://reg.rf.oracle.com/flow/oracle/ocw25/catalog/page/catalog/session/1750884972037001Qj4I
"How Dedicated Clouds Shape the Future of Public Cloud Services [BOF3528] banner",https://reg.rf.oracle.com/flow/oracle/ocw25/catalog/page/catalog/session/1751325217427001LRGk
"How onsemi Transformed Enterprise Operations with AI Chatbots  [THR3986] banner",https://reg.rf.oracle.com/flow/oracle/ocw25/catalog/page/catalog/session/1756475602783001q7py
"How Oracle AI Agents Are Changing the Game for Fusion and Hosted On-Prem Apps [THR3819] banner",https://reg.rf.oracle.com/flow/oracle/ocw25/catalog/page/catalog/session/1754938132527001kvZY
"How Oracle Integration Powers the Future of Automation for Apps, Data, and AI [LRN2791] banner",https://reg.rf.oracle.com/flow/oracle/ocw25/catalog/page/catalog/session/1748349464887001Lshy
"How Oracle IT Charted Oracle’s Path to the Cloud, Enabled Successful AI Adoption [THR3290] banner",https://reg.rf.oracle.com/flow/oracle/ocw25/catalog/page/catalog/session/1750872090050001PPDu
"How Oracle’s Business Leaders Build Agents with Oracle AI Agent Studio [THR3095] banner",https://reg.rf.oracle.com/flow/oracle/ocw25/catalog/page/catalog/session/1750082350673001rnUW
"How Oracle Uses AI-Based Success Navigator to Uptake New AI Features [THR3094] banner",https://reg.rf.oracle.com/flow/oracle/ocw25/catalog/page/catalog/session/1750082211384001tHal
"How Oracle Uses AI in Analytics and Reporting to Help Make Better Decisions [THR3096] banner",https://reg.rf.oracle.com/flow/oracle/ocw25/catalog/page/catalog/session/1750082447924001sHnB
"How to Get Started with AI in Oracle Fusion Applications [PAN3152] banner",https://reg.rf.oracle.com/flow/oracle/ocw25/catalog/page/catalog/session/1750202506071001BPo4
"How to Put AI to Work Across the Business (Offering 1) [BOF3419] banner",https://reg.rf.oracle.com/flow/oracle/ocw25/catalog/page/catalog/session/1751303072571001mjVZ
"How to Put AI to Work Across the Business (Offering 2) [BOF3420] banner",https://reg.rf.oracle.com/flow/oracle/ocw25/catalog/page/catalog/session/1751303396101001Y0mJ
"How to Query Your Data Using Natural Language and AI [SHO2803] banner",https://reg.rf.oracle.com/flow/oracle/ocw25/catalog/page/catalog/session/1748409880365001vKVb
"Huhtamäki’s Multicloud ERP Journey: Consolidating 30 Systems with Oracle Fusion [THR2187] banner",https://reg.rf.oracle.com/flow/oracle/ocw25/catalog/page/catalog/session/1748001415904001LR0E
"Humana's Finance Modernization and the Role of FDI (Analytics/AI) with Deloitte [LRN3923] banner",https://reg.rf.oracle.com/flow/oracle/ocw25/catalog/page/catalog/session/1755723919132001p2m1
"Iceberg-Driven Lakehouse Architecture: Streamlining Load, Catalog & Analysis [LRN3161] banner",https://reg.rf.oracle.com/flow/oracle/ocw25/catalog/page/catalog/session/1750258222646001SgGI
"Improving Outcomes on a Global Scale with OCI [LRN2203] banner",https://reg.rf.oracle.com/flow/oracle/ocw25/catalog/page/catalog/session/1748006011763001WRQQ
"Industry Innovation Showcase [THR1136] banner",https://reg.rf.oracle.com/flow/oracle/ocw25/catalog/page/catalog/session/1745350896400001M1W2
"Inference Serving at Scale: Cost-Effective LLMs on Multi-GPU Systems [LRN3948] banner",https://reg.rf.oracle.com/flow/oracle/ocw25/catalog/page/catalog/session/1755909563565001lVA5
"In-N-Out Burger Serves Up Cloud Innovation with Success Navigator [THR3377] banner",https://reg.rf.oracle.com/flow/oracle/ocw25/catalog/page/catalog/session/1750979642501001Ac1R
"Innovative Payroll Solutions: Empowering Teams with Detailed Insights [THR1743] banner",https://reg.rf.oracle.com/flow/oracle/ocw25/catalog/page/catalog/session/1747842837309001iJCM
"Instant Payments and ISO 20022: When Speed Matters [LRN2883] banner",https://reg.rf.oracle.com/flow/oracle/ocw25/catalog/page/catalog/session/1748634911774001TBCP
"Intelligent Logistics Operations with Oracle B2B and Uber Freight [PAN3586] banner",https://reg.rf.oracle.com/flow/oracle/ocw25/catalog/page/catalog/session/1751492003497001JTdO
"Introducing Oracle Autonomous AI Lakehouse: Open Multicloud Data Platform [SOL3142] banner",https://reg.rf.oracle.com/flow/oracle/ocw25/catalog/page/catalog/session/1750180074720001T9xB
"Inventory & Warehouse Management Strategy & Roadmap: AI, User Experience, Mobile [PAN3011] banner",https://reg.rf.oracle.com/flow/oracle/ocw25/catalog/page/catalog/session/1748888659733001PcfY
"Is AI the New UI? Oracle's Approach in Redwood [LRN3139] banner",https://reg.rf.oracle.com/flow/oracle/ocw25/catalog/page/catalog/session/1750112959762001JQI4
"Is Your Oracle ERP Ready for AI Agents to Take Over the Night Shift? [SPO3749] banner",https://reg.rf.oracle.com/flow/oracle/ocw25/catalog/page/catalog/session/1753994997529001zfoA
"Lead Compliance with Confidence: CFOs Harness Oracle AI in Latin America [THR3751] banner",https://reg.rf.oracle.com/flow/oracle/ocw25/catalog/page/catalog/session/1754065835648001RMZh
"Learn How Webster Bank Modernized Their Close Using Oracle Cloud and GenAI [THR1084] banner",https://reg.rf.oracle.com/flow/oracle/ocw25/catalog/page/catalog/session/1745260988480001kjtA
"Leverage Oracle Biometrics and Vision AI to Improve Campus Safety [SHO1582] banner",https://reg.rf.oracle.com/flow/oracle/ocw25/catalog/page/catalog/session/1747684276483001jyxL
"Leveraging AI to Mitigate Cyberthreats in Altafiber’s Oracle Cloud Ecosystem [LRN3909] banner",https://reg.rf.oracle.com/flow/oracle/ocw25/catalog/page/catalog/session/1755543989245001wXNT
"Leveraging Oracle Autonomous AI JSON Database for Conversational AI Applications [LRN1172] banner",https://reg.rf.oracle.com/flow/oracle/ocw25/catalog/page/catalog/session/1745516222636001uDUL
"Leveraging Oracle Database 23ai for Intelligent Search and Assistant Apps [PRE1110] banner",https://reg.rf.oracle.com/flow/oracle/ocw25/catalog/page/catalog/session/1745337017170001kS97
"License to Innovate: Maximizing Business Value with Oracle’s Agentic AI  [PAN3799] banner",https://reg.rf.oracle.com/flow/oracle/ocw25/catalog/page/catalog/session/1754677281299001kAvp
"Logistics Product Strategy and Roadmap: AI-Driven Innovation and Efficiency [PAN3010] banner",https://reg.rf.oracle.com/flow/oracle/ocw25/catalog/page/catalog/session/1748888565431001iGOi
"Manufacturing Operations Management Strategy and Roadmap: AI & Smart Operations [PAN1064] banner",https://reg.rf.oracle.com/flow/oracle/ocw25/catalog/page/catalog/session/1744990348587001Li0v
"Mastering AI in Oracle CX: Craft AI Agents and Optimize Customer Interactions [PRE3076] banner",https://reg.rf.oracle.com/flow/oracle/ocw25/catalog/page/catalog/session/1749670629382001CxqJ
"Mastering AI in Oracle HCM: Crafting AI Agents & Enabling Embedded Efficiencies [PRE1108] banner",https://reg.rf.oracle.com/flow/oracle/ocw25/catalog/page/catalog/session/1745335006263001QjP4
"Mastering Oracle AI Agent Studio for Fusion Applications [SHO3671] banner",https://reg.rf.oracle.com/flow/oracle/ocw25/catalog/page/catalog/session/1752707285961001fp7Z
"Maximize Cloud Flexibility and Performance with Oracle Multicloud and AMD [THR3836] banner",https://reg.rf.oracle.com/flow/oracle/ocw25/catalog/page/catalog/session/1754953653967001te1P
"Maximizing Financial Insights with AI Agents, OTBI, SmartView & ERP Analytics [PRE1111] banner",https://reg.rf.oracle.com/flow/oracle/ocw25/catalog/page/catalog/session/1745337675149001ANOw
"Modernize and Extend SaaS Applications Using Oracle APEX [LRN1174] banner",https://reg.rf.oracle.com/flow/oracle/ocw25/catalog/page/catalog/session/1745546274218001JFbs
"Modernize Supply Chain Management with Fusion Data Intelligence, AI Agent Studio [LRN3832] banner",https://reg.rf.oracle.com/flow/oracle/ocw25/catalog/page/catalog/session/1754947789227001O3r9
"Modernizing Database Security and Compliance in Hybrid and Multicloud Fleets [LRN2981] banner",https://reg.rf.oracle.com/flow/oracle/ocw25/catalog/page/catalog/session/1748794164420001jiy3
"Modernizing Enterprise Ops with Oracle Cloud & AI: A Global Customer Panel [PAN3821] banner",https://reg.rf.oracle.com/flow/oracle/ocw25/catalog/page/catalog/session/1754939852943001kaGI
"Multimodal GenAI for the Enterprise: From Advanced Models to AI Avatars  [LRN3046] banner",https://reg.rf.oracle.com/flow/oracle/ocw25/catalog/page/catalog/session/1749146141006001XGgx
"Next Era of AI Agents: Agentic AI Fleets at Enterprise Scale [LRN1221] banner",https://reg.rf.oracle.com/flow/oracle/ocw25/catalog/page/catalog/session/1746023603574001IvZY
"Next-Gen Integrated Business Planning with Oracle Cloud EPM & Azure ML Platform [THR1778] banner",https://reg.rf.oracle.com/flow/oracle/ocw25/catalog/page/catalog/session/1747856710099001R9C3
"OCI Kubernetes Engine Powers AI Innovation at Scale [PAN1753] banner",https://reg.rf.oracle.com/flow/oracle/ocw25/catalog/page/catalog/session/1747848250014001rbk0
"OCI Storage Strategy and Roadmap, Featuring Uber's Cloud Migration Journey [LRN2824] banner",https://reg.rf.oracle.com/flow/oracle/ocw25/catalog/page/catalog/session/1748455923591001CmG5
"Oracle AI Agent Studio Meets Oracle Guided Journey in Procurement [THR3433] banner",https://reg.rf.oracle.com/flow/oracle/ocw25/catalog/page/catalog/session/1751306457999001zasl
"Oracle AI: Powering Your Business [KEY3665] banner",https://reg.rf.oracle.com/flow/oracle/ocw25/catalog/page/catalog/session/1752609095987001o4cu
"Oracle AI Vector Search Meets Google MCP Toolbox to Power Agentic AI [LRN3316] banner",https://reg.rf.oracle.com/flow/oracle/ocw25/catalog/page/catalog/session/1750898998203001oQXJ
"Oracle Analytics Cloud Roadmap, Strategy, and Vision [LRN1036] banner",https://reg.rf.oracle.com/flow/oracle/ocw25/catalog/page/catalog/session/1744826503047001Jl4R
"Oracle APEX: Generative AI Application Development [SHO3320] banner",https://reg.rf.oracle.com/flow/oracle/ocw25/catalog/page/catalog/session/1750899554562001AF70
"Oracle Autonomous Database Best Practices and Lessons Learned Customer Panel [PAN1155] banner",https://reg.rf.oracle.com/flow/oracle/ocw25/catalog/page/catalog/session/1745403195796001AbYk
"Oracle Cloud at the Edge: Enable Government Mission Continuity Anywhere, Anytime [LRN2866] banner",https://reg.rf.oracle.com/flow/oracle/ocw25/catalog/page/catalog/session/1748621175557001fwE1
"Oracle Cloud EPM: AI-Driven Connected Sales Planning [PAN3588] banner",https://reg.rf.oracle.com/flow/oracle/ocw25/catalog/page/catalog/session/1751492124569001MR6o
"Oracle Cloud EPM: Connected, Complete, AI-Powered [PAN3583] banner",https://reg.rf.oracle.com/flow/oracle/ocw25/catalog/page/catalog/session/1751491713522001z5U3
"Oracle Cloud EPM: Strategy and Innovation Roadmap [PAN3582] banner",https://reg.rf.oracle.com/flow/oracle/ocw25/catalog/page/catalog/session/1751491637535001N56D
"Oracle Cloud ERP: Financial Management Strategy and Innovation Roadmap [LRN3590] banner",https://reg.rf.oracle.com/flow/oracle/ocw25/catalog/page/catalog/session/1751492284379001F0SL
"Oracle Cloud ERP: Project Management Strategy and Innovation Roadmap [LRN3595] banner",https://reg.rf.oracle.com/flow/oracle/ocw25/catalog/page/catalog/session/1751492614378001uaHa
"Oracle Cloud for Higher Education: Student Strategy and Innovation Roadmap [PAN3579] banner",https://reg.rf.oracle.com/flow/oracle/ocw25/catalog/page/catalog/session/1751491226603001UGhe
"Oracle Enterprise Manager 24ai: Powered by GenAI [HOL2818] banner",https://reg.rf.oracle.com/flow/oracle/ocw25/catalog/page/catalog/session/1748412994789001iEIN
"Oracle Fusion Cloud EPM for Sustainability [PAN3587] banner",https://reg.rf.oracle.com/flow/oracle/ocw25/catalog/page/catalog/session/1751492061636001LLCx
"Oracle Fusion Cloud EPM: Reimagine Your Financial Close in the Cloud [PAN3584] banner",https://reg.rf.oracle.com/flow/oracle/ocw25/catalog/page/catalog/session/1751491863507001ylIk
"Oracle Fusion Data Intelligence and AI: Roadmap, Strategy, and Vision [LRN1037] banner",https://reg.rf.oracle.com/flow/oracle/ocw25/catalog/page/catalog/session/1744826644658001Qqsl
"Oracle Observability and Management GenAI Strategy and Roadmap [LRN2825] banner",https://reg.rf.oracle.com/flow/oracle/ocw25/catalog/page/catalog/session/1748456560653001wWUv
"Oracle Student Financial Aid: Customer View on AI and the Aid Lifecycle [PAN3578] banner",https://reg.rf.oracle.com/flow/oracle/ocw25/catalog/page/catalog/session/1751491082422001Lyn0
"Order Management Product Strategy and Roadmap: AI and Modern User Experience [LRN3013] banner",https://reg.rf.oracle.com/flow/oracle/ocw25/catalog/page/catalog/session/1748888811766001a9ZC
"Peek into OCI Engineering Innovations of Next-Gen Cloud and AI Infrastructure [LRN1684] banner",https://reg.rf.oracle.com/flow/oracle/ocw25/catalog/page/catalog/session/1747779176786001cnpi
"Personalizing SCM Redwood Applications Using Visual Builder Studio [HOL2963] banner",https://reg.rf.oracle.com/flow/oracle/ocw25/catalog/page/catalog/session/1748790041440001FiNM
"Powering Your AI/ML Workloads with Context-Aware Storage [LRN2863] banner",https://reg.rf.oracle.com/flow/oracle/ocw25/catalog/page/catalog/session/1748558210840001FZyI
"Procurement Agentic AI in Sourcing, Contracting, and Supplier Management [LRN3008] banner",https://reg.rf.oracle.com/flow/oracle/ocw25/catalog/page/catalog/session/1748888421641001dAu7
"Procurement Product Strategy & Roadmap: AI, Source-to-Pay Usability & Automation [LRN1063] banner",https://reg.rf.oracle.com/flow/oracle/ocw25/catalog/page/catalog/session/1744990035656001MXlD
"Progressive Modernization in Retail Banking [LRN2882] banner",https://reg.rf.oracle.com/flow/oracle/ocw25/catalog/page/catalog/session/1748634849427001nnvX
"Pros, Cons, and Tips to Drive Innovation on Oracle Database@Azure [LRN3831] banner",https://reg.rf.oracle.com/flow/oracle/ocw25/catalog/page/catalog/session/1754947591817001pJrS
""RAG in a Box”: Simplify and Accelerate Data Searches [LRN3302] banner",https://reg.rf.oracle.com/flow/oracle/ocw25/catalog/page/catalog/session/1750879582649001fDaH
"Rapid ChatBot Development with Oracle AI Optimizer and Toolkit [HOL2805] banner",https://reg.rf.oracle.com/flow/oracle/ocw25/catalog/page/catalog/session/1748410212187001oVtR
"Rapidly Deploy Models, Agentic Workflows, and Enterprise AI Solutions on OCI [THR3255] banner",https://reg.rf.oracle.com/flow/oracle/ocw25/catalog/page/catalog/session/1750805655901001SGOF
"Real-World AI Adoption with Oracle Analytics: A Birds-of-a-Feather Discussion [BOF3470] banner",https://reg.rf.oracle.com/flow/oracle/ocw25/catalog/page/catalog/session/1751316814057001nq6s
"Redefining Finance: Embracing the Era of Agentic AI [LRN3581] banner",https://reg.rf.oracle.com/flow/oracle/ocw25/catalog/page/catalog/session/1751491519776001dFra
"Reduce Complexity by Leveraging AI with Your EBS System [THR2104] banner",https://reg.rf.oracle.com/flow/oracle/ocw25/catalog/page/catalog/session/1747966277466001JWQr
"Redwood in Action: Pathways to Transformation [PAN3879] banner",https://reg.rf.oracle.com/flow/oracle/ocw25/catalog/page/catalog/session/1755226649979001LwoT
"RegReporting Reloaded: Benchmarking Today, Disrupting Tomorrow with AI [LRN2872] banner",https://reg.rf.oracle.com/flow/oracle/ocw25/catalog/page/catalog/session/1748629424714001FPwP
"Reimagining Finance at DHL Supply Chain with AI Agents Driving the Next Big Leap [LRN3936] banner",https://reg.rf.oracle.com/flow/oracle/ocw25/catalog/page/catalog/session/1755877003500001MG6L
"Reimagining Manufacturing with AI Agents [THR2920] banner",https://reg.rf.oracle.com/flow/oracle/ocw25/catalog/page/catalog/session/1748642678434001jUm9
"Reimagining Patient Care: The Future of Clinical Workflows with AI [LRN3187] banner",https://reg.rf.oracle.com/flow/oracle/ocw25/catalog/page/catalog/session/1750285504753001gfGX
"Revolutionizing McDonald's Operations with Oracle Fusion AI [LRN4006] banner",https://reg.rf.oracle.com/flow/oracle/ocw25/catalog/page/catalog/session/1756964672936001uVUK
"Revolutionizing Quote-to-Cash: How AI Is Transforming Revenue Operations [THR3980] banner",https://reg.rf.oracle.com/flow/oracle/ocw25/catalog/page/catalog/session/1756418410994001jQW4
"Rewriting the Rules: How AI Agents Are Poised to Reshape Our Work Completely [LRN3228] banner",https://reg.rf.oracle.com/flow/oracle/ocw25/catalog/page/catalog/session/1750719736230001ILfN
"Run Your Nvidia RAG on OCI with Secure Access Data from Azure and GCP [LRN1793] banner",https://reg.rf.oracle.com/flow/oracle/ocw25/catalog/page/catalog/session/1747861757363001BKmo
"Scalable Firewall Architectures in OCI [LRN2000] banner",https://reg.rf.oracle.com/flow/oracle/ocw25/catalog/page/catalog/session/1747943696280001Adlu
"Scaling Enterprise Apps with PostgreSQL and Cache on Oracle Cloud Infrastructure [LRN3648] banner",https://reg.rf.oracle.com/flow/oracle/ocw25/catalog/page/catalog/session/1752155882002001ukSP
"Seamless Integration of NVIDIA NIM into OCI Services for Optimized GenAI [LRN2626] banner",https://reg.rf.oracle.com/flow/oracle/ocw25/catalog/page/catalog/session/1748032521903001Qf2k
"Seamless Migration from MongoDB to Oracle: Best Practices and Strategies [SHO2817] banner",https://reg.rf.oracle.com/flow/oracle/ocw25/catalog/page/catalog/session/1748412645253001bj7n
"Select the Best Open Source LLMs Featuring Meta and Choctaw Nation [LRN1224] banner",https://reg.rf.oracle.com/flow/oracle/ocw25/catalog/page/catalog/session/1746023786661001LZSM
"Sentiment-Driven Agentic Automation for Drive-Thru Efficiency [SHO1372] banner",https://reg.rf.oracle.com/flow/oracle/ocw25/catalog/page/catalog/session/1746815401034001GfbY
"Serving Memory-Hungry LLMs at Scale with AMD Instinct GPUs on Oracle Cloud [LRN1371] banner",https://reg.rf.oracle.com/flow/oracle/ocw25/catalog/page/catalog/session/1746813021457001U6yt
"Shaping the Future with AI Infrastructure Advancements [LRN3341] banner",https://reg.rf.oracle.com/flow/oracle/ocw25/catalog/page/catalog/session/1750958892558001PCmk
"Simplifying Real-Time Communication Ecosystems: Connecting Voice with IT and AI [LRN1058] banner",https://reg.rf.oracle.com/flow/oracle/ocw25/catalog/page/catalog/session/1744929497429001kKC3
"Smart Audit AI: Recovering Hidden Profits from Invoice Oversights [LRN1539] banner",https://reg.rf.oracle.com/flow/oracle/ocw25/catalog/page/catalog/session/1747628121369001baCp
"Solving Real-World Finance and Accounting Challenges with Intelligent Automation [LRN3779] banner",https://reg.rf.oracle.com/flow/oracle/ocw25/catalog/page/catalog/session/1754575071006001csDa
"Speed-of-Thought Analytics at Scale with HeatWave MySQL Lakehouse [LRN2985] banner",https://reg.rf.oracle.com/flow/oracle/ocw25/catalog/page/catalog/session/1748795577467001EgFo
"Strategy to Success: Governments Transform HR with Oracle Fusion Cloud HCM [PAN2880] banner",https://reg.rf.oracle.com/flow/oracle/ocw25/catalog/page/catalog/session/1748633545958001bJmN
"Supercharging Call Center Agents and Revolutionizing Customer Interactions [THR3647] banner",https://reg.rf.oracle.com/flow/oracle/ocw25/catalog/page/catalog/session/1752100938524001NTZn
"Syneos Health’s Oracle Cloud ERP: Building a Digital Core for Future Innovation [PAN3880] banner",https://reg.rf.oracle.com/flow/oracle/ocw25/catalog/page/catalog/session/1755227161444001ovmF
"Talk to Your Data: Build Agentic Systems That Unlock Your Business Knowledge [LRN2526] banner",https://reg.rf.oracle.com/flow/oracle/ocw25/catalog/page/catalog/session/1748027370182001UjUo
"The Autonomous Data Engineer: The Superhero Enabling Generative AI [HOL2800] banner",https://reg.rf.oracle.com/flow/oracle/ocw25/catalog/page/catalog/session/1748409458495001LoCO
"The Complete Enterprise AI Stack: Frontier Models at Oracle  [PAN3048] banner",https://reg.rf.oracle.com/flow/oracle/ocw25/catalog/page/catalog/session/1749146889626001oZfu
"The Convergence of Transformative Technologies in Retail [THR3893] banner",https://reg.rf.oracle.com/flow/oracle/ocw25/catalog/page/catalog/session/1755279954138001KfLl
"The End of Business as Usual: Reinventing Models for a Disrupted World [THR3651] banner",https://reg.rf.oracle.com/flow/oracle/ocw25/catalog/page/catalog/session/1752182703408001Bx4t
"The Future of Generative AI: Innovation Engineered for Your Data [LRN3047] banner",https://reg.rf.oracle.com/flow/oracle/ocw25/catalog/page/catalog/session/1749146655632001evR9
"The Magic of AI in APEX: How Hard Can It Be? [BOF1185] banner",https://reg.rf.oracle.com/flow/oracle/ocw25/catalog/page/catalog/session/1745717667019001zDkv
"The Multi-Agent Advantage: Drive Real AI Value with IBM and Oracle [SOL3895] banner",https://reg.rf.oracle.com/flow/oracle/ocw25/catalog/page/catalog/session/1755281525111001DY2O
"The Present and the Future with MySQL and HeatWave [LRN3224] banner",https://reg.rf.oracle.com/flow/oracle/ocw25/catalog/page/catalog/session/1750717151937001kbBo
"The Real-Time AI Stack: Streaming with GoldenGate, Agents, and Vectors [LRN3158] banner",https://reg.rf.oracle.com/flow/oracle/ocw25/catalog/page/catalog/session/1750257251554001xk7n
"The Rise of Micro AI: From Broad Strategies to Domain-Specific Intelligence [PAN3914] banner",https://reg.rf.oracle.com/flow/oracle/ocw25/catalog/page/catalog/session/1755612754595001lBKp
"The Rise of the Prompt Professional: Why CX’s Future Belongs to Orchestrators [THR2830] banner",https://reg.rf.oracle.com/flow/oracle/ocw25/catalog/page/catalog/session/1748457796971001kA1M
"Thinking Beyond Technology: How to Embark on a Successful AI Adoption Journey [PAN3124] banner",https://reg.rf.oracle.com/flow/oracle/ocw25/catalog/page/catalog/session/1750091742383001HnOM
"Top 10 Tips for Implementing Oracle HCM Successfully [LRN2582] banner",https://reg.rf.oracle.com/flow/oracle/ocw25/catalog/page/catalog/session/1748030658127001e8is
"Top 5 OCI Compute and AI Infrastructure Announcements and Highlights [THR3488] banner",https://reg.rf.oracle.com/flow/oracle/ocw25/catalog/page/catalog/session/1751319936851001LhHJ
"Trace Data Lineage with AI Vector Search and Knowledge Graphs in Oracle AI Database [HOL2813] banner",https://reg.rf.oracle.com/flow/oracle/ocw25/catalog/page/catalog/session/1748411728178001ZtWu
"Train Faster, Scale Smarter: Discover Why Advanced AI Models Are Trained on OCI [LRN3345] banner",https://reg.rf.oracle.com/flow/oracle/ocw25/catalog/page/catalog/session/1750959735734001cpQY
"Transformation Unplugged: Real-World Stories with Infosys and Oracle [PAN4017] banner",https://reg.rf.oracle.com/flow/oracle/ocw25/catalog/page/catalog/session/1757085540625001yNsz
"Transform Business Operations with Oracle Fusion Cloud ERP and EPM [PAN4008] banner",https://reg.rf.oracle.com/flow/oracle/ocw25/catalog/page/catalog/session/1757014670278001Lvoz
"Transforming Colleges: 2025 Challenges and the Path Forward [PAN2861] banner",https://reg.rf.oracle.com/flow/oracle/ocw25/catalog/page/catalog/session/1748550564928001eQLR
"Transforming Oracle Cloud HCM with Oracle AI: From Traditional to Agentic AI [LRN3955] banner",https://reg.rf.oracle.com/flow/oracle/ocw25/catalog/page/catalog/session/1756142406706001cyA8
"Transforming People Intelligence with AI and Fusion Data Intelligence HCM [LRN2876] banner",https://reg.rf.oracle.com/flow/oracle/ocw25/catalog/page/catalog/session/1748632246983001FNIc
"Trinity Industries’ Journey from EBS to Cloud  [THR3990] banner",https://reg.rf.oracle.com/flow/oracle/ocw25/catalog/page/catalog/session/1756486723051001jXzX
"Turbocharge Your Applications with OCI Shapes Powered by 5th Gen AMD EPYC [LRN3826] banner",https://reg.rf.oracle.com/flow/oracle/ocw25/catalog/page/catalog/session/1754945285440001rL7d
"Turn Data into Action: Spatially Aware AI Agent Systems with Oracle Database [THR2698] banner",https://reg.rf.oracle.com/flow/oracle/ocw25/catalog/page/catalog/session/1748036892932001THCX
"Turn Raw Data into Business Knowledge with Intelligent Agents  [THR3079] banner",https://reg.rf.oracle.com/flow/oracle/ocw25/catalog/page/catalog/session/1749741179841001RUGt
"Unified Data Meets Azure Intelligence: Fabric, Foundry and Copilot in Action [LRN3888] banner",https://reg.rf.oracle.com/flow/oracle/ocw25/catalog/page/catalog/session/1755275375411001lpUw
"Unleashing AI Agents to Help Unlock Value for Your Organization [SPO3962] banner",https://reg.rf.oracle.com/flow/oracle/ocw25/catalog/page/catalog/session/1756232904565001laE9
"Unleash the Power of AI in Oracle Cloud SCM [HOL3441] banner",https://reg.rf.oracle.com/flow/oracle/ocw25/catalog/page/catalog/session/1751307581019001L9Ad
"Unlock AI’s Full Potential: Why Master Data Management Is Your Hidden Advantage [LRN3961] banner",https://reg.rf.oracle.com/flow/oracle/ocw25/catalog/page/catalog/session/1756230913095001cx8L
"Unlock Business Value with HCM AI Acceleration [THR3833] banner",https://reg.rf.oracle.com/flow/oracle/ocw25/catalog/page/catalog/session/1754948052428001Y3FR
"Unlock Generative AI Through APIs with OCI and Traefik [SHO3254] banner",https://reg.rf.oracle.com/flow/oracle/ocw25/catalog/page/catalog/session/1750805068773001AoGw
"Unlocking Agentic AI: Insights to Transform [SOL3753] banner",https://reg.rf.oracle.com/flow/oracle/ocw25/catalog/page/catalog/session/1754329324815001XSpM
"Unlocking Efficiency and Optimization in Commercial Flows [LRN3894] banner",https://reg.rf.oracle.com/flow/oracle/ocw25/catalog/page/catalog/session/1755280053878001Qz4p
"Unlocking the AI Agent Ecosystem through Scale and Interoperability [PAN2785] banner",https://reg.rf.oracle.com/flow/oracle/ocw25/catalog/page/catalog/session/1748335267836001a5jZ
"Unlock Revenue with Digital Business Experiences Powered by AI and Siebel CRM [LRN1055] banner",https://reg.rf.oracle.com/flow/oracle/ocw25/catalog/page/catalog/session/1744929289155001UzYm
"Unlock Your GPU Capacity with NVIDIA Lepton on OCI  [LRN3343] banner",https://reg.rf.oracle.com/flow/oracle/ocw25/catalog/page/catalog/session/1750959337332001I28I
"Untangling Finance Transformation for FIs: Reimagining Control and Insight [LRN2870] banner",https://reg.rf.oracle.com/flow/oracle/ocw25/catalog/page/catalog/session/1748629193337001fh3a
"Using Process Intelligence and AI to Lead Modernization [LRN3975] banner",https://reg.rf.oracle.com/flow/oracle/ocw25/catalog/page/catalog/session/1756408661430001Wq2O
"VMware Cloud Foundation on Oracle: What’s Next for OCVS in Broadcom Era [LRN2022] banner",https://reg.rf.oracle.com/flow/oracle/ocw25/catalog/page/catalog/session/1747946825803001i1QK
"What’s New, What’s Next: Oracle APEX 25.1 and Generative Development [LRN3176] banner",https://reg.rf.oracle.com/flow/oracle/ocw25/catalog/page/catalog/session/1750265559719001xvyc
"Winning on Physical and Digital Battlefields with OCI [LRN3253] banner",https://reg.rf.oracle.com/flow/oracle/ocw25/catalog/page/catalog/session/1750803321488001gG1j
"Your Oracle Data, Powered by Gemini: A New Era of AI-Driven Applications [SPO3855] banner",https://reg.rf.oracle.com/flow/oracle/ocw25/catalog/page/catalog/session/1755099891068001PkeR
"Your Voice to Vision: Guiding the Future of OCI Compute and AI Infrastructure [BOF3512] banner",https://reg.rf.oracle.com/flow/oracle/ocw25/catalog/page/catalog/session/1751321063515001FY3r
